CHROM	POS	FST	XPNSL	BASES	COVERED_BASES	at_THETA	at_PI	at_TD	me_THETA	me_PI	me_TD
seq_s_6130	1			1000	0						
seq_s_6130	1001	0.0714	0.388925175	1000	215	0.00340039568676052	0.00364900449666355	0.138115608943379	0.00292513658155995	0.00490672118579095	1.83821634420651
seq_s_6130	2001	0.0668	-0.603058644444444	1000	924	0.00494511006935547	0.00344398989332233	-0.875062850284453	0.00442411079299786	0.00442414728129014	3.31419192277384e-05
seq_s_6130	3001	0.0285	-0.6510682625	1000	964	0.00834225705310025	0.00868687169710989	0.12617644248797	0.0117430275629014	0.0106014317632575	-0.420896496926584
seq_s_6130	4001	0.0185	-0.0840574182352941	1000	842	0.010636332707845	0.00551574810390751	-1.48273091074493	0.00746917298141792	0.0063428258202605	-0.630368853551522
seq_s_6130	5001	0.0994	-0.527253007894736	1000	953	0.00690426616356938	0.00539084002311298	-0.657837753427512	0.00725912698361939	0.00710307530874162	-0.0904923881323398
seq_s_6130	6001	0.0199	0.16791433	1000	639	0.00228821618983885	0.000894254415381219	-1.4161538023505	0.00196840176849887	0.00108342361863489	-1.4810183059478
seq_s_6130	7001	0.0512	-0.31537669	1000	786	0.00837120312198679	0.0064726873581359	-0.680614843004684	0.00800132779943242	0.0076895115063054	-0.162903995653886
seq_s_6130	8001	0.0379	0.0494295452777778	1000	977	0.00636051496167334	0.00496126427987346	-0.656536699553339	0.00579338719070471	0.00556761559832184	-0.16154047083261
seq_s_6130	9001	0.0146	0.369739110638298	1000	968	0.00811897162295998	0.00739533087065774	-0.271729292606624	0.00714664051176578	0.00706112069748433	-0.0503724206116322
seq_s_6130	10001	0.0194	0.307627938	1000	995	0.00881710640386146	0.00487421959985109	-1.37517265515092	0.00537254985206111	0.00473797559224695	-0.487222831841195
seq_s_6130	11001	0.0256	0.235079512325581	1000	882	0.00828894640196726	0.00497728736502636	-1.21059011684418	0.00606086973106667	0.00504597443372954	-0.690735734432359
seq_s_6130	12001	0.0280	-0.112631036285714	1000	955	0.00650703991367001	0.00526791699887358	-0.568311804091129	0.00691465532237862	0.00586847707266555	-0.634765891457037
seq_s_6130	13001	0.0491	-0.440409614634146	1000	827	0.00884020644079217	0.00671642469526328	-0.727944578532659	0.00760464770296721	0.00818528508975908	0.319169139053046
seq_s_6130	14001	0.0352	-0.446748886612903	1000	719	0.00737185921660357	0.0089139877905591	0.613844287063738	0.00830958479532154	0.00982744654510997	0.760520812357562
seq_s_6130	15001	0.0170	0.120638882	1000	755	0.00847284024598442	0.00780626073437042	-0.235461313018355	0.00832985913954157	0.00831089440360963	-0.00951708915622715
seq_s_6130	16001	0.0234	0.0883608646730769	1000	983	0.00929660570515657	0.010155701578387	0.285031551080379	0.00959670953767124	0.0102735514739584	0.302617738246819
seq_s_6130	17001	0.0576	0.236085465625	1000	994	0.00570010997290214	0.00311373346125465	-1.34126093309623	0.00347985312645336	0.00279700179096557	-0.773421101415544
seq_s_6130	18001	0.0306	-0.5152239	1000	875	0.00459539188525065	0.00382243455119687	-0.476722620598153	0.00539060884316047	0.00469701726844584	-0.524673225022011
seq_s_6130	19001	0.0275	0.0915603538461538	1000	999	0.00713521467304479	0.00669112609411129	-0.188166632558133	0.00629533898934323	0.00715000715000715	0.567509844811172
seq_s_6130	20001	0.0262	-0.35986516	1000	998	0.00769177681649487	0.00666735783316148	-0.405243696316384	0.00787705868030296	0.00763064590719901	-0.132807799723951
seq_s_6130	21001	0.0226	-1.25292392307692	1000	912	0.0118240184447799	0.0100841262622385	-0.458970833654392	0.0168949089291305	0.0154472720262194	-0.375534256487312
seq_s_6130	22001	0.0047	-0.536398384615385	1000	87	0.0273106492657921	0.0493565359616252	2.09512164081406	0.0433727148300268	0.0447139067828723	0.123149988090025
seq_s_6130	23001	0.0391	-0.77865275	1000	86	0.0255029676507039	0.0129810816524121	-1.25391711549463	0.0402206279964493	0.0295169946332737	-1.04889772910825
seq_s_6130	24001	0.0487	-1.23833	1000	27	0.0135386124565465	0.00428933029090133	-0.995943889542483	0.011646377130285	0.00976800976800977	-0.341438343255474
seq_s_6130	25001	0.0193	-0.874529129032258	1000	410	0.0129277238457024	0.00998628715947143	-0.667654999060427	0.0191739135681521	0.0142589118198874	-1.08827175455535
seq_s_6130	26001	0.0288	-0.394647975609756	1000	402	0.0186408507330809	0.0193000322146441	0.107378562318974	0.0226843614254058	0.0231261276037395	0.083405445700222
seq_s_6130	27001	0.0214	0.0476524771428571	1000	529	0.00898308690406018	0.0107867784745554	0.581648058565526	0.00951084105913631	0.0119653503396415	1.05879530177978
seq_s_6130	28001	0.0124	0.1982887015	1000	434	0.00631697931440247	0.00755706585398762	0.52346730413286	0.00579635359479621	0.00772269205448929	1.25320202246196
seq_s_6130	29001	0.0634	0.448864455555556	1000	335	0.00491027287603106	0.00654063316008873	0.794897420868243	0.00563197938837661	0.00626537641463014	0.403718636267878
seq_s_6130	30001	0.0243	-0.555129909677419	1000	676	0.00838152265246261	0.00737868693636356	-0.353680920397224	0.0111639828112791	0.00882697184472332	-0.886400270305011
seq_s_6130	31001	0.0395	-0.7244707	1000	348	0.00525204793572926	0.00593416118783839	0.318751767588303	0.00722878580500447	0.00729442970822282	0.034243047048523
seq_s_6130	32001	0.0425	0.00151523333333332	1000	387	0.00425049460845066	0.00665930706669545	1.35674005617254	0.00650030351457766	0.00735440270323992	0.495470767475229
seq_s_6130	33001			1000	0						
seq_s_6130	34001			1000	0						
seq_s_6130	35001	0.0093	-0.028532446875	1000	811	0.00721168998918385	0.010559691460464	1.37693817158821	0.00775467774396287	0.0103250633460251	1.38557334613204
seq_s_6130	36001	0.0418	-0.4267681	1000	162	0.00902574163769769	0.00869088143243665	-0.0862456607264662	0.00970531427523748	0.00976800976800976	0.0223657740456462
seq_s_6130	37001	0.0582	-0.15351745483871	1000	432	0.0245387350774906	0.0119312584944956	-1.6007899928644	0.0247485514018556	0.0161528286528286	-1.49974443370504
seq_s_6130	38001	0.0483	-0.386436545454545	1000	222	0.0181124680161906	0.00789488849190326	-1.59883330176323	0.0141645127260223	0.0106920106920107	-0.954555703086743
seq_s_6130	39001	0.0295	0.169893964285714	1000	106	0.0241396014555405	0.00868758773870712	-1.68529316190534	0.0088995900712555	0.00632386481443085	-0.885997898215957
seq_s_6130	40001	0.0116	0.374471	1000	65	0.00281186566405197	0.00045578930103675	-0.908195644325694	0	0	
seq_s_6130	41001	0.0420	0.264854850222222	1000	295	0.0278803629401763	0.00880838575061477	-2.09317607790444	0.0181209732298332	0.0118457813373068	-1.42847000632534
seq_s_6130	42001			1000	0						
seq_s_6130	43001			1000	0						
seq_s_6130	44001			1000	0						
seq_s_6130	45001	0.0385	0.2992095135	1000	701	0.020336888611617	0.01575638374152	-0.7135107550534	0.015251603716978	0.0163189164615698	0.30217659704366
seq_s_6130	46001	0.0378	0.367757927777778	1000	282	0.0103700010305463	0.0020764836830087	-2.15705319583326	0.00223015732282053	0.00101317122593718	-1.48074498027722
seq_s_6130	47001	0.0191	0.317633	1000	60	0.00304618780272297	0.000735046571653017	-0.822345710963055	0	0	
seq_s_6130	48001	0.0399	0.2346729	1000	705	0.00129625012881828	0.00112809811126733	-0.263616901894667	0.000892062929128211	0.000966409477047776	0.226149415171563
seq_s_6130	49001	0.0541	0.000550025454545492	1000	364	0.0165699226631634	0.023224166698524	1.19488371117254	0.012094314712219	0.0161514309865958	1.3585543775664
seq_s_6130	50001	0.0105	0.521048714285714	1000	320	0.0039981214910739	0.00238258893502413	-0.90661335687258	0.000982663070367794	0.00137362637362637	0.842275108853898
seq_s_6130	51001	0.0747	0.679449862068966	1000	447	0.0114487595270125	0.0152095655345934	0.960044063215566	0.00984861421755642	0.0086781227720825	-0.481320052275935
seq_s_6130	52001	0.0870	0.921367461538461	1000	441	0.0103611830024591	0.0140423655341012	1.02418345388335	0.0114086959643608	0.00740076250280332	-1.44128792231341
seq_s_6130	53001	0.0416	-0.3388902	1000	262	0.00348800130082783	0.00399411997008563	0.294873470385743	0.00360059750974459	0.00411039342337052	0.43343595142459
seq_s_6130	54001	0.0545	0.533448411764706	1000	325	0.00956034325777671	0.0127565757102283	0.91103006145198	0.00967545176977521	0.0102789518174134	0.242865856344602
seq_s_6130	55001	0.1004	1.29610554	1000	573	0.0153106821498118	0.0157152277427176	0.0812534732635154	0.0115244255372977	0.00876435954969986	-1.00479765140117
seq_s_6130	56001			1000	179						
seq_s_6130	57001	0.0397	1.35375716666667	1000	188	0.00583312557968228	0.00398025868099949	-0.682248983488876	0.00334523598423079	0.00280570493336451	-0.437642849725186
seq_s_6130	58001			1000	0						
seq_s_6130	59001	0.0328	0.6944054	1000	294	0.0124334196029509	0.0140165369256219	0.355960258358652	0.00855652197327059	0.00956866262988712	0.446053511715222
seq_s_6130	60001			1000	0						
seq_s_6130	61001			1000	0						
seq_s_6130	62001			1000	0						
seq_s_6130	63001			1000	0						
seq_s_6130	64001			1000	0						
seq_s_6130	65001			1000	0						
seq_s_6130	66001			1000	58						
seq_s_6130	67001	0.0146	-0.481365	1000	340	0.0043005004273736	0.000972030603286079	-1.79921159414917	0.00092485936034616	0.000420168067226891	-1.15524134158067
seq_s_6130	68001	0.0894	-1.80477333333333	1000	520	0.00878708020016241	0.00652046304049443	-0.743589638220146	0.0102801675053862	0.0107354184277261	0.182673805854728
seq_s_6130	69001	0.2471	-0.602359727272727	1000	787	0.00487699699038239	0.00104848782047293	-2.21031662529433	0.000799116092802273	0.00118686903947387	1.3166652789305
seq_s_6130	70001	-0.0012	-0.87269	1000	268	0.000681982343893202	0.000613027333314352	-0.109591613045341	0.00117332903924513	0.000533049040511727	-1.15524134158067
seq_s_6130	71001	0.1930	-1.61535	1000	287	0.00127366737396082	0.000104009568880337	-1.33876330072383	0.00219130440778881	0.00252708963510357	0.4158043479992
seq_s_6130	72001	0.0328	-0.983337636363636	1000	738	0.00247657544936827	0.000281616551997639	-2.17520215395867	0.00127826090454347	0.000580720092915214	-1.67052613313736
seq_s_6130	73001	0.0399	-1.841554	1000	440	0.00581544944156203	0.00286214178594399	-1.33704454369045	0.00714664051176578	0.00559440559440559	-0.845699197683894
seq_s_6130	74001	0.0267	-0.289754052	1000	648	0.00705136065445132	0.0084252228138065	0.561655454736051	0.00873478284771373	0.00941188441188441	0.321326325314283
seq_s_6130	75001	0.0725	-1.390548	1000	457	0.00199968564730173	0.00120471661534055	-0.807882988554024	0.00275231669599732	0.00281337918099406	0.0730832235236277
seq_s_6130	76001	0.0221	-0.510029	1000	223	0.00163920419877469	0.00255642117139443	0.815717959624782	0.00282019894634703	0.00236534765682748	-0.437642849725188
seq_s_6130	77001			1000	35						
seq_s_6130	78001	0.0222	-1.18220748780488	1000	779	0.00938491749234291	0.0123066945427681	0.943338270860225	0.0117061788100297	0.0145579709122713	1.04335285994345
seq_s_6130	79001	0.0333	-1.537153125	1000	903	0.012751483825352	0.0179451455037157	1.27549421198221	0.0170632967257664	0.0219536830832512	1.25610515366639
seq_s_6130	80001	0.0450	-0.698302196153846	1000	827	0.0114922683730298	0.0136058621892672	0.56885909051148	0.0155895277910828	0.0168356431959818	0.348008404946476
seq_s_6130	81001	0.0218	-0.638631	1000	100	0.00182771268163378	0.00478509707103599	1.75381779327559	0.00314452182517694	0.00538461538461539	1.50811392566543
seq_s_6130	82001	0.0234	-0.0271939428571429	1000	611	0.00388875038645485	0.00545933316570606	1.04824900935415	0.0051465168988166	0.00552148342655708	0.283687045870675
seq_s_6130	83001			1000	0						
seq_s_6130	84001	0.0625	-0.824169333333333	1000	90	0.0223387105533018	0.0103866631753508	-1.34139209201823	0.0174695656954275	0.0142857142857143	-0.630997878048717
seq_s_6130	85001	0.0592	-0.972876642857143	1000	589	0.0245143127078215	0.0121434773107157	-1.5996331591706	0.0250921096406309	0.0204481426892293	-0.809964655236705
seq_s_6130	86001	0.0537	-0.516543082111111	1000	226	0.0218355054885452	0.0114827750925327	-1.37975029729116	0.0222621014171819	0.0189633375474083	-0.607926847615682
seq_s_6130	87001			1000	0						
seq_s_6130	88001	0.0422	-0.831354838407692	1000	555	0.0401767472359138	0.0244886116056583	-1.25944195261227	0.0402272161419032	0.0336006336006336	-0.72974495215794
seq_s_6130	89001	0.0544	-0.549268286896552	1000	495	0.0317542001253546	0.0171634423009134	-1.46229847209892	0.031762846718959	0.0268842268842269	-0.673629095385484
seq_s_6130	90001			1000	0						
seq_s_6130	91001			1000	0						
seq_s_6130	92001	0.0465	-0.167972659310345	1000	284	0.0366829657933541	0.023271206184475	-1.13787560932885	0.0409673618068827	0.0305293298251045	-1.10448027808768
seq_s_6130	93001	0.0297	0.178323265241071	1000	953	0.0416173821526265	0.0396141957845229	-0.15750306352214	0.0376154761878459	0.0437369555942484	0.727580858767961
seq_s_6130	94001	0.0327	-0.141110557006369	1000	748	0.036896338893944	0.0327309814163473	-0.366416441849335	0.0344720307038114	0.0363313157430804	0.239712784131861
seq_s_6130	95001	0.0407	0.597838746739131	1000	638	0.0263557314592959	0.0241744467846262	-0.264161825204956	0.0216863574150134	0.0236659891832306	0.39852986607433
seq_s_6130	96001	0.0498	-1.75362963513513	1000	205	0.0285301491767224	0.0154990680195208	-1.35469727085873	0.0291443486235912	0.0251943178772447	-0.564292571776592
seq_s_6130	97001			1000	0						
seq_s_6130	98001			1000	0						
seq_s_6130	99001			1000	0						
seq_s_6130	100001	0.0431	-1.11839052384106	1000	633	0.0410008216101101	0.0324119700113267	-0.678763894826088	0.0536506093395118	0.0494071489332153	-0.353319703608188
seq_s_6130	101001	0.0287	-0.646203991089109	1000	792	0.0221540931107125	0.0117843228605206	-1.49662169554809	0.0218369571192843	0.0154012654012654	-1.2965122744667
seq_s_6130	102001	0.0488	-0.261532340939598	1000	830	0.0317097139946102	0.0130434429897797	-1.90814453331169	0.021973766971116	0.0140606381570237	-1.58675001175873
seq_s_6130	103001	0.0279	-0.340719534204545	1000	485	0.0312783819743513	0.0147205990048204	-1.68195630541779	0.0252858456045156	0.017514444318568	-1.33533145458766
seq_s_6130	104001	0.0312	0.417632816445	1000	997	0.0361142826762141	0.0165870746568063	-1.76594428268588	0.0179777075260868	0.0135681770586485	-1.08019023904371
seq_s_6130	105001	0.0300	-0.161919914285714	1000	492	0.0104016168873467	0.00383945849333936	-1.84380302434066	0.00830869587953257	0.00475743768426695	-1.71751088067002
seq_s_6130	106001	0.0333	-0.111281389398496	1000	827	0.0285096657715548	0.0156798446331495	-1.45404003177316	0.0193918516425664	0.0170216724025672	-0.53640326818373
seq_s_6130	107001	0.0260	-0.227000800709957	1000	976	0.0408239103069841	0.0239555872185971	-1.35218819178199	0.0341515690029463	0.0275063051702396	-0.868943966446925
seq_s_6130	108001	0.0441	-0.151322246238994	1000	814	0.0345783480309094	0.0127239695189432	-2.05241395382942	0.0251098180143122	0.0167670167670168	-1.46860305634752
seq_s_6130	109001	0.0305	-0.667862	1000	731	0.020502385758409	0.012108491618208	-1.30008221512031	0.0180670200625761	0.0156341606410006	-0.586830581574126
seq_s_6130	110001	0.0041	-1.71574	1000	285	0.000641302695310099	5.23697302958889e-05	-0.995376584407133	0	0	
seq_s_6130	111001			1000	17						
seq_s_6130	112001	0.0582	-1.549422	1000	214	0.0153732842380412	0.00307139029048415	-2.20101201166084	0.0102858190543171	0.00626476327410907	-1.4425240631252
seq_s_6130	113001	0.0488	-0.79562439217647	1000	727	0.0412303823642284	0.0173337221186369	-1.88513279337221	0.0341701821442886	0.025575524887767	-1.11698348555413
seq_s_6130	114001	0.0314	0.191154654347826	1000	860	0.0380419267456334	0.0369763788158355	-0.091291019609956	0.0361985651968043	0.038934321492461	0.337110588820296
seq_s_6130	115001	0.0297	-0.501384543561644	1000	887	0.0294659428944341	0.0341427193655106	0.514384599031337	0.0343876682121943	0.0404128002775128	0.781255536615273
seq_s_6130	116001	0.0270	-0.720445411538462	1000	181	0.0252446502988091	0.0264382404018608	0.136296780485381	0.0347460975157673	0.0339384372533544	-0.0971667500120278
seq_s_6130	117001	0.0428	-0.937546	1000	73	0.00751114800671417	0.00999995388184254	0.565226797021886	0.004307564144078	0.00737618545837723	1.50811392566542
seq_s_6130	118001	0.0581	-1.010474664	1000	527	0.0395368587677896	0.0271086819543957	-1.01157910725106	0.0441545759133005	0.0424129949746648	-0.174901990532519
seq_s_6130	119001	0.0416	-0.43878443	1000	197	0.00742218347871587	0.00999392184529779	0.805474340861515	0.0111734278051973	0.0134434093824957	0.749648634327852
seq_s_6130	120001	0.0195	0.621113597222222	1000	351	0.0187457710936798	0.0135745665989186	-0.827872565957386	0.011646377130285	0.0118030118030118	0.0540439602396452
seq_s_6130	121001	0.0060	0.29057817625	1000	356	0.0159154755984964	0.0130781422783857	-0.526981657745271	0.0141326823603458	0.0143536239041857	0.0641385352050674
seq_s_6130	122001	0.0268	0.593992851219512	1000	249	0.0293608462913057	0.0300057823032681	0.0665577906914525	0.0265200635858296	0.0309369345513924	0.698744790605774
seq_s_6130	123001			1000	0						
seq_s_6130	124001	0.0454	-0.01857395	1000	73	0.00500743200447611	0.000408914332447354	-1.33876330072383	0.004307564144078	0.00195694716242661	-1.15524134158067
seq_s_6130	125001	0.0449	-0.184524123529412	1000	136	0.0228464085204223	0.0192863083961007	-0.424631404944901	0.0184971872069232	0.0213316095669037	0.577832860408568
seq_s_6130	126001	0.0455	-0.349597748387097	1000	170	0.0311786280984586	0.0284684494379069	-0.255067770711571	0.040693811855231	0.0369747899159664	-0.384705483284216
seq_s_6130	127001			1000	0						
seq_s_6130	128001	0.0266	1.0979086	1000	294	0.0217584843051641	0.0147810891835132	-0.959757018536962	0.0139043482065647	0.0102788368094491	-1.04777673349686
seq_s_6130	129001	0.0240	0.84538181056338	1000	648	0.0394876196649274	0.0283833893744866	-0.910812858017959	0.0281454113981887	0.0274725274725275	-0.105340976989678
seq_s_6130	130001	0.0380	0.382864189189189	1000	237	0.028533911063481	0.0142743027983708	-1.50363375363493	0.0159216294945668	0.0143274447071915	-0.398759634353115
seq_s_6130	131001			1000	28						
seq_s_6130	132001	0.0297	-0.0431923181481482	1000	143	0.034509260422456	0.0295721560450541	-0.416337470433118	0.0307855283583757	0.0295089525858757	-0.167934847192897
seq_s_6130	133001			1000	0						
seq_s_6130	134001			1000	0						
seq_s_6130	135001			1000	0						
seq_s_6130	136001	0.0108	-0.533266959375	1000	189	0.0309453999006778	0.0269650672523522	-0.381495235415351	0.0349391313908549	0.0336066050351765	-0.160008161717396
seq_s_6130	137001	0.0086	-0.1881847875	1000	174	0.0157561438071878	0.00853910380686623	-1.22139517036828	0.01626476806126	0.010925855753442	-1.25970718547819
seq_s_6130	138001	0.0239	-0.340268288304094	1000	882	0.0348135748882625	0.0332529974545463	-0.145885744085286	0.0395739141263765	0.039670080486407	0.0108599038270853
seq_s_6130	139001	0.0372	-0.566474145753425	1000	704	0.036865795567045	0.0281865620632312	-0.762840875508968	0.0352865375268435	0.0363854895104895	0.138304132026698
seq_s_6130	140001	0.0288	-0.838913810126582	1000	565	0.0252321396756522	0.0248456963303774	-0.0485180611346872	0.0272710742360478	0.0294466595351551	0.349638814692109
seq_s_6130	141001	0.0497	-0.453667696969697	1000	248	0.0221094276004087	0.0171670751264297	-0.658435511683786	0.0253590469772334	0.0188762850053173	-1.06861715783056
seq_s_6130	142001	0.0906	0.12881541975	1000	518	0.0278743825963453	0.0199369656781841	-0.902640939750596	0.0176044658166277	0.0124103695532267	-1.26361753880237
seq_s_6130	143001	0.0461	-0.637638	1000	100	0.00913856340816891	0.00203568623050158	-1.57948809628023	0.00943356547553083	0.00428571428571428	-1.67052613313736
seq_s_6130	144001			1000	8						
seq_s_6130	145001	0.1173	-0.3628787	1000	917	0.00518217336122992	0.000950022315672884	-2.3657716879789	0.00205748429128262	0.00149795678694261	-0.976222348946604
seq_s_6130	146001			1000	137						
seq_s_6130	147001	0.0232	-0.225797585714286	1000	877	0.00437650699136937	0.000589255435769423	-2.43654149723574	0.000358554370031578	0.000162892979312592	-1.15524134158067
seq_s_6130	148001	0.0533	-0.612662665384615	1000	999	0.0065863520058875	0.00250109833770476	-1.86144058805741	0.0040919703430731	0.0036960036960037	-0.388844749987772
seq_s_6130	149001	0.0931	-1.27329970416667	1000	878	0.00478785782204749	0.00286073699190374	-1.14773307313107	0.00429775192507099	0.00418032992064883	-0.108809844106926
seq_s_6130	150001	0.0634	-0.3666562	1000	783	0.00396821399588433	0.00265431692687434	-0.902264968899328	0.00281119447972396	0.00270865788107167	-0.1345890923759
seq_s_6130	151001	0.1098	-0.70553986244898	1000	1000	0.00822470706735202	0.00299472562002021	-1.94575509515758	0.0053456871028008	0.00506593406593406	-0.215872295052974
seq_s_6130	152001	0.1217	-0.0386658619999998	1000	999	0.00878180267451667	0.00319453108141251	-1.95652368153418	0.0040919703430731	0.00357500357500357	-0.507668550292689
seq_s_6130	153001	0.1024	-0.45724515	1000	983	0.00613575976540334	0.00112631832386121	-2.42922843042528	0.002559122543379	0.00146445619487329	-1.61299881161828
seq_s_6130	154001	0.1790	-1.3032348	1000	840	0.00435169686103281	0.00217521415478987	-1.39822025340712	0.00411782619963647	0.00419937205651491	0.0780521114528343
seq_s_6130	155001	0.0015	-0.593623166666667	1000	551	0.00398049948813165	0.00124603841048833	-1.75438125509283	0.000570693616184563	0.000957300412835804	1.43413183490859
seq_s_6130	156001	0.1039	-0.767349	1000	611	0.00837577006313353	0.00245508365045075	-2.06593180160848	0.00411721351905328	0.00381288106329023	-0.278732906098168
seq_s_6130	157001	0.0305	-1.01450897368421	1000	999	0.00640339778350174	0.00366374679021962	-1.28050529436251	0.00503627119147458	0.00476300476300477	-0.222609361465115
seq_s_6130	158001	0.0781	-1.85764121212121	1000	1000	0.00548313804490135	0.000928066434743645	-2.44693852790354	0.00345897400769464	0.00225274725274725	-1.37446101638145
seq_s_6130	159001	0.0857	-1.25021380952381	1000	818	0.00424529840477284	0.00103632800206554	-2.09682763733137	0.00192207935524263	0.00138370187269943	-0.969779030986539
seq_s_6130	160001	0.1075	-1.20327025	1000	1000	0.00731085072653513	0.00157760071821342	-2.37620444040833	0.00283006964265925	0.00212087912087912	-0.961679799149433
seq_s_6130	161001	0.0999	-1.24901476	1000	981	0.00447146833427225	0.00164762172444666	-1.81097745120955	0.00288488240841921	0.00225157105891051	-0.842468844617934
seq_s_6130	162001	0.0890	-0.8727916	1000	613	0.00238526940506856	0.000936760346972986	-1.41169341818891	0.00153891769584516	0.000699137730132836	-1.67052613313736
seq_s_6130	163001	0.2296	-0.738470188888889	1000	975	0.00449898506248315	0.000974307180120167	-2.24660635045448	0.00290263553093256	0.00251338405184559	-0.514638719656296
seq_s_6130	164001	0.0741	0.246499009090909	1000	697	0.00262225635815464	0.000338755623721712	-2.13722774983602	0.000902301814971863	0.000583347785643338	-0.959193915001202
seq_s_6130	165001	0.1082	0.498894683461538	1000	811	0.00585949811621188	0.0029852683496657	-1.4209692249517	0.00232640332318886	0.00228994187070636	-0.0562616921369451
seq_s_6130	166001	0.0128	-0.0292677305555556	1000	588	0.0111900776426558	0.0185250286850237	1.96715783976813	0.0155086960765529	0.0198661882335352	1.20334409565066
seq_s_6130	167001	0.1551	-1.33665966666667	1000	281	0.00390258935580167	0.00142452588687425	-1.36382790003636	0.00335714073862307	0.00398889366860897	0.576077448683025
seq_s_6130	168001	0.1139	-0.686014086956522	1000	997	0.00384974586903806	0.00150772145861899	-1.71291827148438	0.00220778864355452	0.00154309081089422	-1.11093491561129
seq_s_6130	169001	0.1088	-0.762534090909091	1000	755	0.00532578529747592	0.0019823701786838	-1.77926009322928	0.00291545069883955	0.00208136234626301	-1.05567005769231
seq_s_6130	170001	0.0897	-1.36754541025641	1000	956	0.00726496672615938	0.00444399263943904	-1.17119256405836	0.00624957266510062	0.00644857234815393	0.132574584039637
seq_s_6130	171001	0.1771	-0.0748444522727272	1000	856	0.00896774913885734	0.00766549691287812	-0.441852159742753	0.00514290952715855	0.00363304919379686	-1.18896406375375
seq_s_6130	172001	0.1608	-0.367094243243243	1000	1000	0.00639699438571824	0.00198361575580736	-2.06486582678308	0.00377342619021233	0.00324175824175824	-0.561131516890976
seq_s_6130	173001	0.0710	0.8486202	1000	629	0.00581148706401838	0.00334236155131647	-1.18777695310633	0.00399939182852393	0.00248082601023778	-1.43180220716493
seq_s_6130	174001	0.0041	1.25679	1000	79	0.00231356035649846	0.000188928773852258	-0.995376584407133	0	0	
seq_s_6130	175001			1000	0						
seq_s_6130	176001			1000	0						
seq_s_6130	177001			1000	0						
seq_s_6130	178001	0.0362	1.340945	1000	69	0.00529771791777908	0.0014653766148011	-1.05457227448342	0	0	
seq_s_6130	179001	0.0486	1.454593	1000	143	0.0127812075638726	0.00894863188657377	-0.735942099294318	0.00659689893393764	0.00453392761085069	-0.957318646845174
seq_s_6130	180001	0.0158	0.950519333333333	1000	104	0.00527224812009745	0.00425791804424948	-0.328187096794808	0.0060471573561095	0.00274725274725275	-1.48074498027722
seq_s_6130	181001	0.0207	-0.402763696428571	1000	442	0.010751251068434	0.00715522174789327	-0.968919795099778	0.0092485936034616	0.0081050171547909	-0.496866386628609
seq_s_6130	182001	0.0337	0.0491529785862069	1000	654	0.0150912056281688	0.00688613907766786	-1.68607360166081	0.0100970884294672	0.00658668548576804	-1.45861018718171
seq_s_6130	183001	0.0217	-0.184133265	1000	352	0.0166155698330344	0.0139734087593473	-0.471639205016092	0.0187599313433852	0.0175137362637363	-0.278697594152306
seq_s_6130	184001			1000	24						
seq_s_6130	185001	0.0514	-0.0229798125	1000	349	0.00366589936144311	0.00273188638105103	-0.571655991008082	0.0036040364758475	0.0038414307755282	0.216981513289502
seq_s_6130	186001	0.0398	0.684948	1000	167	0.00984994858365511	0.00766864878704026	-0.530169236172496	0.00564884160211427	0.00434296242679476	-0.707696026642912
seq_s_6130	187001	0.0850	-0.226202476190476	1000	604	0.00544682587241855	0.00661750006131289	0.591166264035295	0.00728862674709887	0.00722290954079034	-0.0365152450613002
seq_s_6130	188001	0.0068	0.4914093125	1000	388	0.00753695951189188	0.0107098605106395	1.13543227963728	0.00972532523250601	0.0103092783505155	0.239129904188501
seq_s_6130	189001	0.0398	0.8188765	1000	646	0.00339513191634758	0.00423486052129561	0.631643598448839	0.00340737659074901	0.00401456129010309	0.657540537796216
seq_s_6130	190001	0.1661	-0.91621882	1000	759	0.00337127503858669	0.00232780641947626	-0.814902550465286	0.00331438400545659	0.00296804644630732	-0.394039836204846
seq_s_6130	191001	0.0613	-0.742299571428571	1000	261	0.00350136529048617	0.00169922146247414	-1.04595261105428	0.00361439290250223	0.00341038272072755	-0.172790411923769
seq_s_6130	192001			1000	26						
seq_s_6130	193001	0.0291	-0.4434935	1000	117	0.00312429518227997	0.000746220699087949	-1.10962030003864	0	0	
seq_s_6130	194001	0.0440	-0.58599525	1000	212	0.00689702898729729	0.0037609865271456	-1.05700366965818	0.00296653002375183	0.00331743727970143	0.320976881585378
seq_s_6130	195001	0.2806	-1.07376105263158	1000	609	0.00510198942327985	0.000816687701165969	-2.28880971420934	0.00258170921607302	0.00243598765766253	-0.195422109985808
seq_s_6130	196001	0.0511	-0.962135083333334	1000	451	0.00324206240644573	0.000459831778207806	-1.99493325116039	0.00348616610330038	0.00158378207158695	-1.8893278746749
seq_s_6130	197001	0.1326	-0.147835333333333	1000	863	0.00338857507603019	0.00171166055260234	-1.33473396341022	0.00182185505514307	0.00212649459462901	0.578934811014919
seq_s_6130	198001	0.0212	0.701345185185185	1000	999	0.00439090133725833	0.00203109629661082	-1.54114870560113	0.00251813559573729	0.00144100144100144	-1.61299881161828
seq_s_6130	199001	0.0041	0.235009	1000	559	0.00261568898981579	0.000213601046645126	-2.13481089846832	0	0	
seq_s_6130	200001	0.0343	0.18103875	1000	1000	0.00274156902245067	0.000311637302210751	-2.36342545128309	0.000628904365035389	0.000285714285714286	-1.48074498027722
seq_s_6130	201001	0.0341	-0.224122969705882	1000	1000	0.00566590931306472	0.000804960161598075	-2.53604071251014	0.00188671309510617	0.000857142857142857	-1.95890759599328
seq_s_6130	202001	0.2543	-1.86191003846154	1000	782	0.00584307123284457	0.00130833439287809	-2.23723010936862	0.00361901488831106	0.00265591186307298	-1.02128527641519
seq_s_6130	203001	0.0409	-1.79033375	1000	579	0.00157833564907926	0.000275415939120871	-1.67756080240453	0.0021723812263744	0.000986923266716012	-1.79759454343273
seq_s_6130	204001	0.0409	-1.599962	1000	312	0.00585805346677494	0.00168259339508345	-1.74934633629759	0.00201571911870317	0.00169061707523246	-0.437642849725188
seq_s_6130	205001	0.1520	-1.79950142857143	1000	636	0.00344851449364864	0.000650563327496407	-2.07203878077514	0.00296653002375183	0.00224618149146451	-0.871681365218231
seq_s_6130	206001	0.0467	-1.9919025	1000	264	0.00276926163883906	0.000703505711361193	-1.40919379591539	0	0	
seq_s_6130	207001	0.0173	-1.45490416666667	1000	502	0.00400494810716566	0.00157578640661245	-1.52065631058151	0.00313199384977783	0.00212337463333479	-1.11497095367417
seq_s_6130	208001	0.1952	-1.25921726470588	1000	1000	0.00493482424041121	0.000759510717091266	-2.46221654326713	0.00345897400769464	0.00254945054945055	-1.03637606421313
seq_s_6130	209001	0.1597	-0.718901714285714	1000	1000	0.00712807945837175	0.00178060823701038	-2.26806750517944	0.00283006964265925	0.0018021978021978	-1.39381950932613
seq_s_6130	210001	0.0866	-0.952603464583333	1000	770	0.0104440724664788	0.00493436537651545	-1.61133838389365	0.00939272752974931	0.00650777793634936	-1.29690016460348
seq_s_6130	211001	0.1220	0.37274316875	1000	810	0.00338465311413663	0.00133321141438441	-1.6161885877504	0.001552850284038	0.000854700854700854	-1.48101830594781
seq_s_6130	212001	0.0291	0.3231635	1000	442	0.00454860622126054	0.00364209977906211	-0.499647927569421	0.00426858166313612	0.00387847446670976	-0.328068249830711
seq_s_6130	213001	0.0398	0.160239257142857	1000	585	0.00656101988278793	0.00284945045353529	-1.59280834129431	0.00268762549160422	0.00202874049027895	-0.848785762080174
seq_s_6130	214001	0.1117	-0.553487272727273	1000	952	0.00575959878666108	0.000983818507764429	-2.44235695080932	0.00297276222968408	0.00171991873672546	-1.6173400490727
seq_s_6130	215001	0.0288	0.0873645166666666	1000	970	0.00508744767052702	0.00148004262078482	-2.06349678218601	0.001620887538751	0.0010989010989011	-1.11497095367417
seq_s_6130	216001	0.1595	0.210986736842105	1000	927	0.00709791332673313	0.00226850757284953	-2.04191703266314	0.00237450407510665	0.00196782721054566	-0.631972813646764
seq_s_6130	217001			1000	0						
seq_s_6130	218001	0.0041	1.556065	1000	109	0.00335360125070419	0.000273860057510611	-1.33876330072384	0	0	
seq_s_6130	219001	0.1545	0.771368931034483	1000	855	0.00598549182289426	0.00175878292221785	-2.06381689980534	0.00220668198258031	0.00134952766531714	-1.39438628386008
seq_s_6130	220001			1000	0						
seq_s_6130	221001			1000	0						
seq_s_6130	222001			1000	0						
seq_s_6130	223001	0.0373	1.50835142	1000	464	0.0196951797589847	0.0176184316942644	-0.325236725900012	0.00745468536141086	0.00793387646835923	0.25335541998456
seq_s_6130	224001	0.0971	0.977703236666667	1000	749	0.0219618346257731	0.0180500271262815	-0.56798284530991	0.0142741978712972	0.0113704719846242	-0.878392354136526
seq_s_6130	225001	0.0880	0.829903212931035	1000	840	0.0245870872648354	0.022900000534385	-0.220745600647413	0.0168456526348765	0.0153192046049189	-0.395933817238636
seq_s_6130	226001	0.0580	0.231389533128834	1000	971	0.0293638700653831	0.034282603075315	0.544146544811082	0.0233167426789639	0.023596383019658	0.0531470341638079
seq_s_6130	227001	0.0609	-0.134540215045872	1000	864	0.0222117860615216	0.0244018005212036	0.316354970333646	0.026932247113784	0.0213166463166463	-0.924592664783572
seq_s_6130	228001	0.1304	0.306378274107143	1000	981	0.0193763627818464	0.0165035574924804	-0.475542458081221	0.0163476669810422	0.0142263445015739	-0.569482545172169
seq_s_6130	229001	0.1551	1.04746760308176	1000	965	0.0285994419613162	0.0253590049673716	-0.367749398439562	0.0188997166694573	0.015373227808461	-0.822151800265027
seq_s_6130	230001	0.2164	-0.442481261494253	1000	999	0.0316510804727372	0.0254360521446145	-0.639487641925364	0.0270699576541759	0.0313280313280313	0.699782316804246
seq_s_6130	231001			1000	24						
seq_s_6130	232001	0.0774	1.80958760869565	1000	510	0.0157685015670365	0.0137037061486025	-0.399958305871007	0.00863202069656416	0.0063779357897005	-1.05754446162215
seq_s_6130	233001	0.1860	2.74769888888889	1000	129	0.0255029676507039	0.0295671493903097	0.438328279790907	0.00487522763593324	0.00221483942414175	-1.48074498027722
seq_s_6130	234001	0.0429	0.7845762	1000	372	0.0122830153335604	0.009951455432032	-0.547194005335595	0.0101436187908934	0.00936429162235614	-0.305975701474333
seq_s_6130	235001	0.0116	0.241989	1000	245	0.000746005176177054	0.000120923692111791	-0.908195644325693	0	0	
seq_s_6130	236001	0.0751	0.16168464	1000	242	0.00377626587114418	0.00564582172094791	1.00608775143981	0.00519755673582966	0.0056761420397784	0.303320487149017
seq_s_6130	237001	0.1650	-0.010335742857143	1000	625	0.0154990035402545	0.0136281001009985	-0.373861859492091	0.014590581268821	0.0130637362637363	-0.448178337455976
seq_s_6130	238001	0.0688	0.159234622962963	1000	453	0.0197699605739636	0.0194543391195195	-0.0491694581879077	0.0173538732073783	0.0154525386313466	-0.465143088360961
seq_s_6130	239001			1000	0						
seq_s_6130	240001	0.0728	0.368716229787234	1000	507	0.0165827975059475	0.00987145068358369	-1.24053609802638	0.0124044253458657	0.00882155320025142	-1.20739578751892
seq_s_6130	241001	0.3367	-0.984296429552239	1000	485	0.024118270438054	0.0215107703093703	-0.338880208999317	0.0272309106510168	0.0344397870171066	1.15368610616522
seq_s_6130	242001	0.1012	0.379820530612245	1000	723	0.0116286007406852	0.0137974216522297	0.571680993693721	0.0113081006161273	0.011536181660663	0.0858376933637837
seq_s_6130	243001	0.1390	0.998340915384616	1000	560	0.0231727857849997	0.0237294996553218	0.0757423023624583	0.0157226091258847	0.0140698587127159	-0.449320510237873
seq_s_6130	244001	0.1247	1.37180615384615	1000	198	0.0120001337683026	0.0135039090262974	0.325244936713831	0.0063525693437918	0.00471750471750472	-0.847865830977962
seq_s_6130	245001			1000	0						
seq_s_6130	246001			1000	0						
seq_s_6130	247001	0.0303	1.30770454545455	1000	265	0.00758673188602702	0.0061005795254114	-0.491111536209391	0.0071196720570044	0.00323450134770889	-1.95890759599328
seq_s_6130	248001	0.0914	0.9926102	1000	111	0.00823294000735938	0.0121107528805879	0.957176172813217	0.00849870763561336	0.00762300762300762	-0.315431909182207
seq_s_6130	249001	0.0433	0.566272323181818	1000	347	0.0115878037452286	0.0151957380655375	0.882450355184459	0.0126868315713191	0.0141242043259334	0.458835562973171
seq_s_6130	250001	0.1535	0.0737974959740261	1000	820	0.0334337685664716	0.0284757671389982	-0.481227446668214	0.0260765224526868	0.0231305280085768	-0.499944494568699
seq_s_6130	251001	0.2837	-2.72446841237114	1000	965	0.017046025010056	0.0135495338764514	-0.654087230981991	0.0179221451175888	0.0175254797016455	-0.0973661212324836
seq_s_6130	252001	0.3191	-1.86630412598425	1000	846	0.0263570859526385	0.0241361050556954	-0.271787215009141	0.0252751163252993	0.0265632712441223	0.225535272923025
seq_s_6130	253001	0.2216	-0.952340140384615	1000	624	0.0140593283202599	0.0163788489593673	0.507344163958619	0.0171336125089769	0.0190018315018315	0.470829304355112
seq_s_6130	254001	0.1445	-1.61658236111111	1000	738	0.00866801407278894	0.00534493617857267	-1.1474070983865	0.00894782633180431	0.0115548408231335	1.22237463958332
seq_s_6130	255001	0.0065	-0.2831835	1000	511	0.00143069485842175	0.000959477292407406	-0.622200219306165	0.00184609891889057	0.000838691641039977	-1.67052613313736
seq_s_6130	256001			1000	108						
seq_s_6130	257001			1000	0						
seq_s_6130	258001	0.0606	-0.0595172	1000	573	0.00159486272393873	0.00142910217639896	-0.211211639080183	0.00164634650532824	0.00116985980860326	-0.885997898215958
seq_s_6130	259001	0.0940	-0.412700027777778	1000	771	0.0042670334979777	0.00310434021053537	-0.749473365716998	0.00244709869663575	0.00327817448440017	1.21913830934917
seq_s_6130	260001	0.5025	-2.70694954545455	1000	809	0.00813320847204155	0.00235747015639757	-2.13118275001783	0.00699646388790914	0.00939974734783141	1.42387217651635
seq_s_6130	261001	0.4845	-3.9303276635514	1000	998	0.0173980666087384	0.0060516049493216	-2.08435218079606	0.0176446114438786	0.020073113259486	0.605812539392777
seq_s_6130	262001	0.3695	-5.24490564516129	1000	852	0.0115840944610592	0.0046331932416706	-1.86079008822599	0.0136557872689609	0.0162900479801888	0.836217691602662
seq_s_6130	263001	0.6929	-3.89476	1000	977	0.0102890683203539	0.00391095981907751	-1.92473157780585	0.00611524203463274	0.00714229475744317	0.699257765692396
seq_s_6130	264001	0.5185	-2.92111056140351	1000	999	0.00933066534167396	0.00411768518602759	-1.72570608129151	0.00786917373667904	0.00895400895400895	0.585273806081017
seq_s_6130	265001	0.5627	-2.51995682539682	1000	799	0.0130387512957604	0.00541188212344331	-1.82047099467592	0.00944537219076929	0.0108514764334539	0.630357219952981
seq_s_6130	266001	0.4715	-2.8026908	1000	258	0.0177103942018777	0.00803162018200716	-1.57540373005887	0.00731284145389987	0.00877417156486923	0.71734158745299
seq_s_6130	267001	0.5586	-3.1619164556962	1000	919	0.0137227611569892	0.00853159322225142	-1.19079907806411	0.0171083886027037	0.0194908464767007	0.610744272019994
seq_s_6130	268001	0.4145	-1.82118694705882	1000	826	0.0168167268528048	0.0128134202007857	-0.753164873573894	0.020557406605273	0.0260889231833542	1.18304824915257
seq_s_6130	269001	0.1849	-2.22281395227273	1000	924	0.00870339372206563	0.00546663712975009	-1.13592466198857	0.00986917023053369	0.0121901907616193	1.00722580671924
seq_s_6130	270001	0.2351	-0.408209538461539	1000	914	0.0051991826829845	0.00482414599809927	-0.208959577753368	0.00481655421799532	0.00486931012095126	0.044358356250448
seq_s_6130	271001	0.5466	-3.59692444444444	1000	608	0.00931892979122487	0.0033800994040485	-1.88382104559819	0.0077578663450089	0.00901894158473106	0.662859703082563
seq_s_6130	272001	0.5761	-5.17697354838709	1000	662	0.0138044764473851	0.0036759956888208	-2.26308091575053	0.0152001054993447	0.0184256830782511	0.913586539937511
seq_s_6130	273001	0.6203	-3.46838504672897	1000	855	0.019239080859303	0.00565593087195607	-2.25134751517113	0.0198601378432228	0.0167469956943641	-0.68919680846469
seq_s_6130	274001	0.3764	-3.50800831168831	1000	755	0.0164615181921983	0.00918323286718355	-1.39067374229636	0.0224906196767622	0.0214394876646532	-0.205486079293059
seq_s_6130	275001	0.1670	-1.26466725	1000	711	0.00616949428399589	0.003210210803159	-1.37549527776422	0.00486494234556208	0.00582680329515772	0.779265345579731
seq_s_6130	276001	0.1345	-1.17566333333333	1000	229	0.00638502246858963	0.00403701033852986	-0.854859059454098	0.00686576817724223	0.00806180718844474	0.603133464796195
seq_s_6130	277001	0.1524	-0.6786524375	1000	233	0.0125508166979144	0.00877971624981971	-0.810395482421367	0.00809748109487625	0.00990425883129746	0.800974374435687
seq_s_6130	278001	0.4930	-3.649202	1000	429	0.00852080504258173	0.00537273671602063	-1.03286253343108	0.0124608090974378	0.0133200133200133	0.28443025715031
seq_s_6130	279001	0.7115	-3.15966133333333	1000	505	0.00542884954940727	0.00192575424078155	-1.72064457349393	0.00373606553486369	0.00472201066260473	0.94733175165541
seq_s_6130	280001	0.2769	-2.38416392156863	1000	1000	0.00840747833551539	0.0022768488385142	-2.23509936353893	0.00597459146783619	0.00457142857142857	-0.977818136766442
seq_s_6130	281001			1000	233						
seq_s_6130	282001			1000	0						
seq_s_6130	283001	0.0041	-1.94298	1000	128	0.00142790053252639	0.00011660447761194	-0.995376584407133	0	0	
seq_s_6130	284001			1000	0						
seq_s_6130	285001			1000	0						
seq_s_6130	286001			1000	0						
seq_s_6130	287001	0.5199	-3.26431964102564	1000	952	0.00710350517021533	0.00189254806400162	-2.20719433085771	0.00495460371614014	0.00641795179610306	1.20437471829825
seq_s_6130	288001	0.6140	-4.5959026984127	1000	905	0.0119154749410379	0.00544413726656006	-1.69398887624529	0.00972890730441485	0.01236111954344	1.15645949264213
seq_s_6130	289001	0.6146	-4.23743791666667	1000	755	0.00580994759724646	0.00234846283446072	-1.70848948013431	0.00499791548372494	0.0054144530965723	0.331913837067276
seq_s_6130	290001	0.6759	-3.25117315789474	1000	713	0.0046141414122592	0.00113291119616257	-2.07519510750393	0.00396924213556697	0.00359107932740471	-0.365625026491922
seq_s_6130	291001	0.0074	-2.389588	1000	643	0.00284247695432937	0.000783975211583405	-1.77737506314999	0.000978078328204337	0.000444345700955343	-1.48074498027722
seq_s_6130	292001	0.0039	-0.807733333333333	1000	457	0.00119981138838104	0.00240820543144004	1.71804144234512	0.00206423752199799	0.00242864356649915	0.540417074368422
seq_s_6130	293001	0.0158	0.212561466666667	1000	404	0.00135721238735182	0.00187053269348947	0.645176692170134	0.00233504095928981	0.00239364595800239	0.0768322082784976
seq_s_6130	294001	0.1360	-1.46927855	1000	947	0.00270200396440052	0.00107670395867053	-1.58368215924312	0.000664101758221107	0.00076586560219084	0.415804347999202
seq_s_6130	295001	0.5623	-2.44670676470588	1000	1000	0.00511759550857459	0.00105240713724613	-2.32157856806018	0.00408787837273003	0.00467032967032967	0.572547816115647
seq_s_6130	296001	0.7607	-1.47116283333333	1000	970	0.0062179915973108	0.00149300007982716	-2.26098822514738	0.0025934200620016	0.00314942789169593	0.808446720621919
seq_s_6130	297001	0.0496	-0.4864897	1000	679	0.0026917712542471	0.000843887574871063	-1.68485012612097	0.000926221450714858	0.000744469080257004	-0.532470316139009
seq_s_6130	298001			1000	828						
seq_s_6130	299001	0.1273	-1.03965342307692	1000	737	0.00520786517154809	0.00159301837087313	-1.95437298378568	0.00469331615698051	0.00411528769737725	-0.485422808827708
seq_s_6130	300001	0.6726	-2.51570052830189	1000	996	0.00899175917671238	0.00277295919172142	-2.130083514126	0.00568287076839206	0.00638819012312988	0.51447304377304
seq_s_6130	301001	0.7405	-2.97624288461538	1000	1000	0.00785916453102526	0.00243104028728541	-2.10565814243835	0.00597459146783619	0.00612087912087912	0.101943060707056
seq_s_6130	302001	0.7320	-3.12099447368421	1000	1000	0.00621422311755486	0.001726742228706	-2.15512035454583	0.00440233055524772	0.00542857142857143	0.944077170843679
seq_s_6130	303001	0.7112	-4.608608	1000	998	0.00769177681649487	0.00191967370944348	-2.28335128172799	0.00693181163866661	0.00839040718800237	0.885760154871613
seq_s_6130	304001	0.6816	-4.79051877192983	1000	884	0.0103377414119558	0.002392436822454	-2.37061267086145	0.0092485936034616	0.0106160807518274	0.629254118545374
seq_s_6130	305001	0.4551	-3.402047	1000	929	0.00885329070759098	0.00702195699392604	-0.632952664828503	0.011508476001724	0.0136741622209868	0.812572948117798
seq_s_6130	306001	0.4530	-2.61422837037037	1000	845	0.00410964981669134	0.00273978242435553	-0.924653364098262	0.00707052244714342	0.00799791924052279	0.54610014902949
seq_s_6130	307001	0.6676	-0.554469405555556	1000	645	0.00481722722291074	0.00338959164659331	-0.807584670419082	0.00341265934515327	0.00211261606610444	-1.40568082451255
seq_s_6130	308001	-0.0034	-0.518471	1000	440	0.000415389245825859	0.000930412870711353	1.34386772388483	0.000714664051176578	0.000999000999000999	0.8422751088539
seq_s_6130	309001			1000	116						
seq_s_6130	310001			1000	71						
seq_s_6130	311001	0.0288	-0.3734776	1000	548	0.00333524211976967	0.00118773893006841	-1.58026982270382	0.00286908925654831	0.00216571749418465	-0.848785762080173
seq_s_6130	312001	0.0058	-0.267833	1000	407	0.0017962778197875	0.000928372491608917	-0.912755696005745	0.00231782935516728	0.00135000135000135	-1.27826201567666
seq_s_6130	313001	0.0041	-0.219834	1000	336	0.000543962107629102	4.44207533759773e-05	-0.995376584407133	0	0	
seq_s_6130	314001	0.6941	-2.19717878571429	1000	997	0.00678288557878134	0.00293530124657455	-1.70674811231357	0.00756956106361551	0.00877357346765572	0.673516985935933
seq_s_6130	315001	0.7512	-4.22797844444444	1000	1000	0.00676253692204499	0.00233486701829197	-1.96997793014904	0.00597459146783619	0.00695604395604396	0.683942004026109
seq_s_6130	316001	0.5614	-4.8319975	1000	998	0.00970628979224353	0.00465255502588597	-1.61258552650985	0.0103977174579999	0.0132352617322557	1.17668448148954
seq_s_6130	317001	0.0064	-1.62760523809524	1000	999	0.00384203867010104	0.00108862088437899	-2.01784437252908	0.000629533898934323	0.000671000671000672	0.178735681964651
seq_s_6130	318001	0.6693	-2.91026139534884	1000	711	0.0100254282114933	0.00316491209129965	-2.06887337382508	0.00663401228940283	0.00763512155917218	0.615358385958374
seq_s_6130	319001	0.6101	-4.85810613636364	1000	972	0.00714537879651067	0.00194181325803926	-2.19653744438108	0.00711723046850748	0.00890878668656446	1.05961334746136
seq_s_6130	320001	0.5471	-3.33232933333333	1000	874	0.00920129954140577	0.00271397267717591	-2.15349927170365	0.00647613190539874	0.007355344883949	0.562759723387725
seq_s_6130	321001	0.6689	-4.07308706896552	1000	998	0.00934001470574377	0.0023971183304776	-2.29607724321004	0.00787705868030296	0.0100420621462706	1.16686056119578
seq_s_6130	322001	0.5137	-3.62314105263158	1000	1000	0.00639699438571824	0.00161205251935804	-2.2387072969514	0.00628904365035389	0.008	1.13723264037392
seq_s_6130	323001	0.6877	-3.5185262	1000	995	0.00734758866988455	0.0034108371506283	-1.62346902631609	0.00790080860597222	0.0090341818985035	0.609012040983658
seq_s_6130	324001	0.5251	-4.96228666666667	1000	915	0.00779025077417677	0.00359879390180878	-1.62664812306933	0.010309907623531	0.0135711283252267	1.35723449365238
seq_s_6130	325001	0.4059	-4.18194352941176	1000	690	0.00741680508489071	0.00200663892046783	-2.13187828510789	0.0100260116165062	0.0137123745819398	1.54773961896334
seq_s_6130	326001	0.6095	-2.93236123076923	1000	1000	0.0111490473579661	0.0037607451464482	-2.07123963069597	0.00911911329301313	0.0103626373626374	0.58402318323567
seq_s_6130	327001	0.5308	-3.84354973684211	1000	713	0.00640852973924888	0.00295567370835481	-1.55317293383471	0.00882053807903771	0.0104958155449039	0.793938135355336
seq_s_6130	328001	0.0770	-1.84703333333333	1000	451	0.0024315468048343	0.00377470133950855	1.18643336042741	0.00348616610330038	0.00246095368046588	-1.01817633854908
seq_s_6130	329001	0.1098	-2.55207	1000	574	0.000636833686980412	0.000395119057720233	-0.553321960484551	0	0	
seq_s_6130	330001			1000	0						
seq_s_6130	331001			1000	0						
seq_s_6130	332001	0.6283	-4.22647555555556	1000	764	0.00287075290308971	0.00103657400906344	-1.63168260572393	0.00329269301065648	0.00455957654910534	1.45087104550196
seq_s_6130	333001	0.4744	-3.68095787878788	1000	984	0.009287157935131	0.00309245994491168	-2.05737293335967	0.00990652201021191	0.0127870097382292	1.24975899419277
seq_s_6130	334001	0.3738	-2.86628683928571	1000	1000	0.00877302087184215	0.00549119066322534	-1.15036575916475	0.011320278570637	0.0124065934065934	0.415471871136803
seq_s_6130	335001	0.1671	-1.3203111	1000	983	0.00539203130899081	0.00300758729395128	-1.29762556003862	0.0038386838150685	0.00513118620951785	1.34093910712401
seq_s_6130	336001	0.1609	0.2539975625	1000	684	0.00855070260413465	0.0111390678844271	0.897820696797334	0.0078153320216386	0.0102660497397339	1.29351506583151
seq_s_6130	337001			1000	3						
seq_s_6130	338001	0.0931	0.1588418	1000	393	0.00232533420055189	0.0019323116952686	-0.343472540469206	0.00160026555988648	0.00103458882084836	-0.959193915001203
seq_s_6130	339001	0.0530	-0.839378592857143	1000	629	0.00406804094481287	0.00495484493451267	0.573935108648179	0.00549916376422041	0.00560806443159384	0.0780521114528333
seq_s_6130	340001	0.3754	-2.64540512195122	1000	805	0.00862771203752593	0.00204841388722577	-2.30010025015543	0.00742185275507601	0.00820421814210634	0.438889817365456
seq_s_6130	341001	0.2786	-1.56404197777778	1000	959	0.00800458108744722	0.00492929208770458	-1.1689949928328	0.00623002238564775	0.00677216422784723	0.362311009033998
seq_s_6130	342001	0.6836	-2.340745725	1000	975	0.00674847759372473	0.00187782890060971	-2.1659881902708	0.0048377258848876	0.00468864468864469	-0.125662161178873
seq_s_6130	343001	0.4425	-4.78578944444445	1000	192	0.0152309390136148	0.00951188605842963	-1.01274086938007	0.0212910331913022	0.0256410256410256	0.820997580389563
seq_s_6130	344001	0.2394	-4.11035444444444	1000	123	0.0104016168873467	0.0051065048861688	-1.14218560536843	0.0102260872363478	0.0137585991244528	1.13793056779109
seq_s_6130	345001	0.6605	-4.3912019047619	1000	628	0.0113504449974072	0.00281945952436951	-2.27230365277571	0.0120172808605488	0.0130188283054525	0.352901581491152
seq_s_6130	346001	0.4423	-4.45681611111111	1000	725	0.00781504732836514	0.00542436895119932	-0.904262046756062	0.00867454296600536	0.0107616521409625	1.00575814909021
seq_s_6130	347001	0.5928	-4.07053553571429	1000	797	0.0100902582173007	0.00246885871394897	-2.30706890053848	0.0102581640470013	0.013305389716933	1.26419331007334
seq_s_6130	348001	0.5805	-4.73490375	1000	991	0.00866826397949422	0.00208644719771168	-2.33126042024131	0.00983654657724371	0.0112551424357681	0.619865528435154
seq_s_6130	349001	0.7624	-4.4380525	1000	902	0.00709201151410004	0.00233934440628824	-2.00569357160948	0.00418339932396046	0.00505591969006603	0.830627476290724
seq_s_6130	350001	0.7185	-3.9901945	1000	440	0.00789239567069133	0.00217810469185173	-2.00843945796401	0.00571731240941262	0.00554445554445555	-0.114008720231491
seq_s_6130	351001	0.2404	-4.09999692307692	1000	883	0.00248386774400967	0.00105002114149318	-1.47422587250832	0.00142447194798502	0.00220278023222531	1.79986270071411
seq_s_6130	352001	0.5584	-4.79688322580645	1000	1000	0.00438651043592108	0.000915834362024509	-2.26890867200552	0.0053456871028008	0.00613186813186813	0.606659019586325
seq_s_6130	353001	0.7495	-4.45706057142857	1000	1000	0.00566590931306472	0.00137818426663674	-2.23697984549168	0.00314452182517694	0.00369230769230769	0.678291877956003
seq_s_6130	354001	0.6326	-5.65636886363636	1000	1000	0.00530036677673797	0.00105173381214233	-2.35211178602323	0.00723240019790697	0.00837362637362637	0.666268552106177
seq_s_6130	355001	0.4556	-5.08727020833333	1000	1000	0.00548313804490135	0.00139984289080909	-2.19350497389968	0.00974801765804852	0.0122967032967033	1.12378030104125
seq_s_6130	356001	0.4320	-4.84988105263158	1000	1000	0.00859024960367877	0.00153843564134214	-2.52041580105421	0.00943356547553083	0.0117912087912088	1.07233802418263
seq_s_6130	357001	0.7146	-3.5899287037037	1000	997	0.00879941912922984	0.00296355343665399	-2.03948391664084	0.00536177242006099	0.00642587101965236	0.818651626452124
seq_s_6130	358001	0.4343	-3.83946884615385	1000	995	0.00844972697036723	0.00348482396270451	-1.80104935392005	0.00948097032716666	0.00952012811309294	0.0177212687770704
seq_s_6130	359001	0.0270	-2.54855833333333	1000	958	0.00114470522858066	0.000184145278910983	-1.80231546485806	0.000656476372688297	0.000298240381747689	-1.48074498027722
seq_s_6130	360001	0.2345	-2.05265459615385	1000	876	0.00959757800857922	0.00708182744737515	-0.803458498558144	0.00933305564550234	0.00772743238496663	-0.732147030856933
seq_s_6130	361001	0.5342	-3.3676892	1000	768	0.00975732030559701	0.00549969840646376	-1.32499684667369	0.0110549595416377	0.0124341804029304	0.532152047342939
seq_s_6130	362001	0.5617	-4.06361859375	1000	999	0.00969657378644549	0.00170802605995064	-2.55160293728264	0.00881347458508052	0.00991100991100992	0.532285870260202
seq_s_6130	363001	0.6034	-5.09261	1000	231	0.006329740888775	0.00214871351668568	-1.53551368251509	0.00680632429691979	0.00780172208743637	0.506338849671102
seq_s_6130	364001			1000	177						
seq_s_6130	365001	0.0259	-4.66092	1000	173	0.00528240659431729	0.00354760596599809	-0.667386974436838	0.00363528534702537	0.00387473797878422	0.178735681964646
seq_s_6130	366001	0.7849	-5.00689272727273	1000	409	0.00714997626067005	0.00178071716531778	-2.02539931746418	0.00691948567887347	0.00746930331282409	0.30493659274779
seq_s_6130	367001	0.6146	-5.1228031147541	1000	999	0.00987952800883125	0.00249334734802133	-2.31847323567652	0.00786917373667904	0.01002101002101	1.16092600247012
seq_s_6130	368001	0.6552	-3.2503097826087	1000	960	0.0079962429821478	0.00277957019414207	-1.9850568033099	0.00589597842220677	0.00690247252747252	0.707619762231792
seq_s_6130	369001	0.3538	-5.30954454545455	1000	361	0.00455662441404544	0.0031365883182759	-0.746086667530427	0.00696846941867466	0.0084320112020943	0.791974302035248
seq_s_6130	370001	0.5659	-2.29671363636364	1000	594	0.00769239344121962	0.00311460091507236	-1.71551438524227	0.010058234794337	0.0121730121730122	0.87538902485474
seq_s_6130	371001	0.0015	-0.7431445	1000	60	0.0121847512108919	0.0131578947368416	0.150874532071728	0.0209634788345129	0.0175824175824176	-0.531289593493043
seq_s_6130	372001	0.0297	-0.5371445	1000	163	0.00672777674221024	0.00546508657873052	-0.40311153620905	0.00771661797589434	0.00640463830647879	-0.560069251446218
seq_s_6130	373001	0.0309	-0.21036918640625	1000	532	0.0202697459053371	0.0138639157651734	-0.985723167421286	0.0189144169935455	0.0151202181277369	-0.863606561766449
seq_s_6130	374001	0.0338	0.272218254671533	1000	1000	0.0244913499338927	0.0196284367635506	-0.642290458545311	0.0216972005937209	0.0235274725274725	0.373430498318068
seq_s_6130	375001	0.0432	0.424041059183674	1000	385	0.02278706719959	0.0173344778888483	-0.735839937659605	0.0171519372282379	0.0182959897245612	0.279840911423742
seq_s_6130	376001	0.0214	-0.252453011290323	1000	434	0.0256890492119034	0.0237817702658182	-0.232054310454987	0.0253590469772334	0.0253456221198157	-0.00228905573082983
seq_s_6130	377001	0.0283	0.0118407716814159	1000	895	0.0228719352338529	0.0215373754991158	-0.187655668256356	0.0235399957862408	0.0229602799435202	-0.108939504474093
seq_s_6130	378001	0.0492	-0.314723766728972	1000	990	0.0186463617015164	0.0152329036068235	-0.586503552707406	0.019375336498565	0.0187701187701188	-0.13783272520578
seq_s_6130	379001	0.0418	0.292930456121212	1000	985	0.0237509871318908	0.0256678137498426	0.260702116123864	0.0271354675269076	0.0269983823283316	-0.0224692192513836
seq_s_6130	380001	0.0450	0.277065028205128	1000	1000	0.0283295465653236	0.024435753563012	-0.446413194717561	0.0264139833314863	0.0266153846153846	0.0339045530126264
seq_s_6130	381001	0.0659	0.317694944311377	1000	997	0.0295147183292918	0.0311869285333272	0.18419409863035	0.030278244254462	0.0312696330750493	0.145969340311034
seq_s_6130	382001	0.0779	-0.359944353887755	1000	780	0.0227292474510868	0.0178674297684502	-0.68421416899725	0.0249949170719193	0.0249929557621865	-0.000346401490447114
seq_s_6130	383001	0.0558	-0.7532614	1000	262	0.0153472057236424	0.0155682872442586	0.0408277943787082	0.0192031867186378	0.0192517406257864	0.0103733045794096
seq_s_6130	384001			1000	244						
seq_s_6130	385001	0.1047	-0.289751453389831	1000	494	0.0214589748046072	0.0219680265986133	0.0739113891715674	0.0216424579060761	0.0267384437424923	1.01673148854745
seq_s_6130	386001	0.0412	-0.145011213098591	1000	952	0.026494154418641	0.0303935792698853	0.476510726361695	0.033691305269753	0.039754363283775	0.803127496512536
seq_s_6130	387001	0.0588	-0.485225425255474	1000	983	0.0251008354039227	0.0231269706432309	-0.254432475549802	0.0287901286130137	0.0313684281130873	0.398763438105509
seq_s_6130	388001	0.0295	-0.187364951007194	1000	864	0.0289810922897949	0.0320846425765909	0.346636737866097	0.0334833342495693	0.0355616605616606	0.276498189090283
seq_s_6130	389001	0.1224	-0.430236055555555	1000	315	0.0104440724664788	0.0120974076983502	0.435419760753727	0.0129773916594604	0.016256759113902	1.01543652634306
seq_s_6130	390001	0.0100	-0.0850312736842105	1000	278	0.0124915614931805	0.0142920115708581	0.399824678653345	0.0135734755043609	0.0149418926397344	0.401501786726365
seq_s_6130	391001	0.0348	0.0210127111111111	1000	640	0.0257022095854751	0.0306725886544735	0.616659479545498	0.0329192128573211	0.0348729395604396	0.262537277571213
seq_s_6130	392001	0.0297	0.4869367	1000	257	0.0071117224966295	0.00553637418361481	-0.543659005403563	0.00978839478654301	0.00491726172660025	-1.87655750900497
seq_s_6130	393001	0.0280	0.775106888888889	1000	100	0.016449414134704	0.0123398047357204	-0.598112996720757	0.0125780873007078	0.00912087912087912	-0.905425146884312
seq_s_6130	394001			1000	30						
seq_s_6130	395001	0.0568	0.405666085714286	1000	371	0.0206910869618919	0.014385140144484	-0.927325756142383	0.0161040201289385	0.0150469476615029	-0.273293100117068
seq_s_6130	396001	0.0224	-0.289282130882353	1000	579	0.0214653648274779	0.0248705826122801	0.498967986990808	0.0255254794098992	0.0274250792385507	0.325688435553079
seq_s_6130	397001	0.0538	-0.960785311111111	1000	529	0.0152021470684095	0.00985061474327364	-1.07522992108917	0.0196161096844686	0.0157045223207794	-0.859796245895515
seq_s_6130	398001	0.0696	-0.617986571428571	1000	397	0.00644533439367077	0.00312239676600456	-1.35736674422283	0.0055444969209669	0.00423505965067678	-0.871453864629027
seq_s_6130	399001	0.0507	-0.0896413596727273	1000	704	0.0137597687679816	0.0120079498270777	-0.394313501543991	0.0142932810235316	0.0138143106893107	-0.144266496791039
seq_s_6130	400001	0.0477	-0.250095823809524	1000	796	0.0144655651938352	0.0108023847212722	-0.793027904619359	0.0138264150604514	0.0115688331768734	-0.706014359413678
seq_s_6130	401001	0.1219	0.129801088888889	1000	167	0.037210916871586	0.011981423753324	-2.02345668954014	0.0225953664084571	0.0130288872803843	-1.68613670304619
seq_s_6130	402001	0.2067	0.984779416666667	1000	253	0.00722416079697147	0.00314883722786988	-1.38452081097641	0.00497157600818489	0.00321417712722061	-1.16444206846288
seq_s_6130	403001	0.1021	0.732170666666667	1000	119	0.00460767902932886	0.00623155782344321	0.601186793529331	0.00528491063054948	0.0059100563302244	0.320976881585382
seq_s_6130	404001	0.0900	-1.00161226	1000	626	0.0128465428102055	0.00858077194320982	-1.01423682121044	0.0130603142898723	0.0123758031106274	-0.223051643055225
seq_s_6130	405001	0.0594	-1.0069409	1000	58	0.0252098300915004	0.00921178396325343	-1.47520928865019	0.0325295361225201	0.0210306934444865	-1.26893710338604
seq_s_6130	406001	0.1337	0.0230113112903227	1000	462	0.0237365283329063	0.0135770226108008	-1.33640482174344	0.0190577080313754	0.0140335854621569	-1.12684230547296
seq_s_6130	407001	0.1062	0.21854365	1000	258	0.0255029676507039	0.0163224792282681	-1.08031437673331	0.0170632967257664	0.0130760712156061	-0.946343259818499
seq_s_6130	408001			1000	0						
seq_s_6130	409001	0.0500	-0.76894152018018	1000	418	0.0472231984728346	0.0282361620683887	-1.29140855086543	0.0428798430705947	0.0321520584678479	-1.10179061634587
seq_s_6130	410001	0.0784	0.236613340444444	1000	774	0.0420326689057898	0.0254357112264631	-1.28677905546691	0.0316889796335661	0.0285373541187495	-0.441540461097935
seq_s_6130	411001	0.0552	-0.203994705517241	1000	771	0.033662153150713	0.026045862667585	-0.733124615547761	0.0281416350113112	0.0300594347286954	0.301683662906784
seq_s_6130	412001	0.0921	-0.412979186666667	1000	578	0.0233997817371799	0.0188919336506843	-0.608670783087131	0.0250256062211314	0.0251720597741359	0.0255913830914851
seq_s_6130	413001	0.0566	0.049956198957265	1000	754	0.0254522323039187	0.0102762448700638	-1.91312013048982	0.0170988587310683	0.0131022823330516	-1.01761950735301
seq_s_6130	414001	0.0304	-0.0548712558823529	1000	721	0.0167307956987281	0.00954079570342036	-1.34943119961921	0.013084002046506	0.0101507369191142	-0.961922731504872
seq_s_6130	415001	0.0369	0.457727281560976	1000	982	0.0372242908683051	0.0246177348712694	-1.10642039247236	0.0224151250267196	0.0213177860835702	-0.21679607205396
seq_s_6130	416001	0.0344	0.178379572436975	1000	888	0.0230522320206063	0.0125164160906503	-1.46987964068811	0.0162891896349256	0.0123131373131373	-1.06740950043381
seq_s_6130	417001	0.1075	-1.54406169308	1000	604	0.0290497379862323	0.0150392661499548	-1.54208183249359	0.0312369717732809	0.0288188632559493	-0.341424890018293
seq_s_6130	418001	0.0270	-1.30301166666667	1000	34	0.032253753205302	0.0104068335896806	-1.45482231198437	0.0092485936034616	0.00420168067226891	-1.15524134158067
seq_s_6130	419001			1000	0						
seq_s_6130	420001			1000	13						
seq_s_6130	421001			1000	0						
seq_s_6130	422001	0.1325	-1.00281478333333	1000	310	0.0176875420803269	0.0075640473354783	-1.68585417507319	0.0172441519445187	0.0155264090747962	-0.410905493369507
seq_s_6130	423001	0.0286	-0.0226735	1000	70	0.00261101811661969	0.00302675665710116	0.172581811340375	0.00449217403596706	0.00518053375196232	0.324400473556048
seq_s_6130	424001	0.0255	0.262468951785714	1000	373	0.0259701801947964	0.0117392637289287	-1.69715486039797	0.0151746361536689	0.0124620687623369	-0.740980626208873
seq_s_6130	425001	0.0246	0.40128135	1000	469	0.00740437973369762	0.00320822423305178	-1.57205643853157	0.00402284242026901	0.00257737997610066	-1.28984530013171
seq_s_6130	426001	0.0640	0.502526	1000	55	0.00332311396660688	0.00229542649024185	-0.335197251882054	0	0	
seq_s_6130	427001	0.0668	0.039811	1000	112	0.00652754529154922	0.00143782964874872	-1.47298841155801	0.00561521754495883	0.00363029827315542	-0.959193915001202
seq_s_6130	428001			1000	0						
seq_s_6130	429001	0.0215	0.251200005970149	1000	395	0.0282254363492812	0.0144852969377904	-1.52150691510974	0.0199020368682085	0.0144943663931006	-1.15355190053762
seq_s_6130	430001	0.0425	0.142349342872928	1000	951	0.0313267262992962	0.0132443024317703	-1.87714716223917	0.0191779459369361	0.0129071769450318	-1.44073299220265
seq_s_6130	431001	0.0499	-0.113836169166667	1000	526	0.0333574938092857	0.0158111924724124	-1.68185692742046	0.026901802686875	0.0188442735971253	-1.30872655448272
seq_s_6130	432001	0.0346	0.24678	1000	32	0.00571160213010557	0.0009258220177309	-0.908195644325693	0.00982663070367795	0.00446428571428571	-1.15524134158067
seq_s_6130	433001	0.0158	0.218135593333333	1000	159	0.0344851449364864	0.0140988912721106	-1.74125508756833	0.0158214934600098	0.0125095030755408	-0.789377882284882
seq_s_6130	434001	0.0457	-0.508053134654088	1000	796	0.0342122097441499	0.0131075645312187	-2.00146557374845	0.0272577896906041	0.0167044011265117	-1.71395399442901
seq_s_6130	435001	0.0508	-0.35434592	1000	168	0.0174067874441313	0.00483551629607081	-1.94787671141193	0.0131021742715706	0.00811093668236525	-1.40568082451255
seq_s_6130	436001			1000	4						
seq_s_6130	437001	0.0458	-0.407870570551181	1000	842	0.0269164337912813	0.0109781846398178	-1.91087453584795	0.0168056392081903	0.013024979770823	-0.982971525577768
seq_s_6130	438001			1000	0						
seq_s_6130	439001	0.0480	-0.05182372775	1000	881	0.0392097272223365	0.0118247148526777	-2.27906336165485	0.0203448063603957	0.01152536453331	-1.90910471801425
seq_s_6130	440001	0.0346	-0.133498045274262	1000	999	0.0411647000367969	0.0136909437773539	-2.18537375172062	0.0226632203616356	0.0125180125180125	-1.98374761925326
seq_s_6130	441001	0.0366	-0.336801803649635	1000	838	0.0279173297433322	0.00903792984402384	-2.18452841752315	0.0187620633960438	0.0101497547798264	-2.01317840697545
seq_s_6130	442001	0.0351	-0.464519668965517	1000	473	0.0212524730422533	0.00823648847909395	-1.90161182985668	0.0159552904448724	0.00980414933903305	-1.63244765372459
seq_s_6130	443001			1000	0						
seq_s_6130	444001			1000	0						
seq_s_6130	445001			1000	0						
seq_s_6130	446001			1000	0						
seq_s_6130	447001			1000	0						
seq_s_6130	448001	0.0116	0.110238	1000	41	0.00445783580886288	0.000722592794326551	-0.908195644325695	0	0	
seq_s_6130	449001	0.0808	-0.3101721188	1000	336	0.0239343327356805	0.0109037919959818	-1.66291186457362	0.0149739134532235	0.0120355834641549	-0.805066026576436
seq_s_6130	450001	0.0672	0.0745893882352941	1000	182	0.0160678037945827	0.00567023594742173	-1.74532432149974	0.00691103697841086	0.00501147204443908	-0.905425146884312
seq_s_6130	451001	0.0550	0.956028666666667	1000	268	0.00409189406335921	0.00386073224942495	-0.121336569742263	0.00234665807849026	0.00282926029194686	0.558045547619929
seq_s_6130	452001			1000	0						
seq_s_6130	453001			1000	0						
seq_s_6130	454001			1000	0						
seq_s_6130	455001			1000	0						
seq_s_6130	456001			1000	194						
seq_s_6130	457001			1000	0						
seq_s_6130	458001	0.0116	0.754042333333333	1000	71	0.0154454592814122	0.00330340250457984	-1.68846255329031	0.00442890397912245	0.00201207243460765	-1.15524134158067
seq_s_6130	459001	0.0408	0.45813837	1000	441	0.0244523918858034	0.0120725206253527	-1.57914725947988	0.014260869955451	0.0102414592210511	-1.17817923390032
seq_s_6130	460001			1000	0						
seq_s_6130	461001			1000	0						
seq_s_6130	462001			1000	0						
seq_s_6130	463001	0.0642	-0.1948114	1000	287	0.00318416843490206	0.00323680906462938	0.0335958029248656	0.00328695661168322	0.00417352682161045	0.825700068885297
seq_s_6130	464001	0.0656	-1.09950810619469	1000	605	0.0323248358569942	0.0163182101052559	-1.5899292680663	0.0291063177206461	0.0230860049041867	-0.910424040370889
seq_s_6130	465001	0.0498	0.145207712	1000	164	0.0256325559009616	0.00674009377283812	-2.10169573647901	0.00958695678407604	0.00582953631734119	-1.3569574914869
seq_s_6130	466001	0.0066	-0.726461	1000	214	0.00170814269311568	0.00170586180893711	-0.00194661508589078	0.0014694027220453	0.00205402074560953	0.842275108853898
seq_s_6130	467001			1000	34						
seq_s_6130	468001	0.0533	-0.6602488	416	132	0.0138463081941953	0.00321954819205405	-1.88361297944548	0.0095288540156877	0.00616050616050616	-1.16444206846288

